{
  "Code": 200,
  "Result": {
    "MapUIElementMapping": [
      {
        "TimeStamp": 1648451617,
        "CoordinateType": "pixel",
        "MapWidth": 1280,
        "MapHeight": 720,
        "UIElementTypeName": "DDP",
        "UIElementUniqueName": "1c17dc48-5095-4fb9-b987-1b2e8dc94933",
        "UIElementDisplayName": "Slide_a783c78f-71bd-495c-9702-1495f8079d89",
        "DataJSON": {
          "MapServiceUrl": "/22b0da4d-4fdf-4746-ae0b-c89b70e6af16/SlideImages/1c17dc48-5095-4fb9-b987-1b2e8dc94933.png",
          "MapBgColor": [
            255,
            "#000000"
          ],
          "MapBgType": "Image",
          "HomeSlide": "a783c78f-71bd-495c-9702-1495f8079d89",
          "TopSlide": "a783c78f-71bd-495c-9702-1495f8079d89",
          "PrevSlide": "",
          "NextSlide": "",
          "Parent": "2d36d0db-e8e0-4ef7-9065-75606f35ff29",
          "UseTile": false,
          "zoomable": true,
          "pannable": true,
          "zoomLimit": false
        },
        "MapUIElementInfo": [
          {
            "X": 500,
            "Y": 484,
            "Z": 0,
            "W": 34,
            "H": 18,
            "D": 0,
            "UIElementTypeName": "Universal",
            "UIElementUniqueName": "f4244e45-8e0c-4288-a16c-1367f0f49684",
            "UIElementDisplayName": "UniversalRect",
            "SplunkObjectID": 6,
            "ClassName": "Universal",
            "ShapeType": "Rectangle",
            "ObjectType": "Universal",
            "DataJSON": {
              "ID": "f4244e45-8e0c-4288-a16c-1367f0f49684",
              "Name": "Universal_f4244",
              "ZIndex": 3,
              "ShapeType": "Rectangle",
              "SplunkObjectID": "6",
              "ClassName": "Universal",
              "Position": [
                [
                  500,
                  484
                ],
                [
                  534,
                  503
                ]
              ],
              "TitlePosition": [
                [
                  13,
                  40
                ],
                [
                  73,
                  60
                ]
              ],
              "TitleColor": [
                255,
                "#000000"
              ],
              "TitleCaption": "",
              "TitleAlignment": "Center",
              "IconPosition": [
                [
                  0,
                  0
                ],
                [
                  0,
                  0
                ]
              ],
              "IconImageUrl": "",
              "ShowAlarmLamp": true,
              "AlarmLampPosition": [
                83,
                12
              ],
              "AlarmLampSize": 12,
              "AlarmLampColor": [
                255,
                "#00ff00"
              ],
              "AlarmLampBlink": false,
              "Zoomable": false,
              "HasLamp": true,
              "BorderThickness": 1,
              "BorderRadius": 3.2,
              "BorderColor": [
                0,
                "#C9C9C9"
              ],
              "LinkedMapGuid": "",
              "BackGroundColor": [
                0,
                "#000000"
              ],
              "BackGroundImageUrl": "",
              "fontSize": "27px",
              "LinkUrl": "",
              "EnableLinkUrl": false,
              "LoadHtml": "",
              "EnableLoadHtml": false,
              "LoadAPI": "",
              "EnableLoadAPI": false,
              "LoadPopup": "",
              "EnableLoadPopup": false,
              "LoadPOI": "",
              "EnableLoadPOI": false,
              "meta": {
                "metric": {
                  "method": "GET",
                  "url": "",
                  "body": ""
                },
                "health": {
                  "method": "GET",
                  "url": "http://play.drilldown.info:1880/itrm_health2?proc=PROC_DEVICE_INFO&healthField=Status&compareValue=Running&device=PLC01&sort=naonDevice&title=Device1",
                  "body": ""
                },
                "position": {
                  "method": "GET",
                  "url": "",
                  "body": ""
                }
              },
              "hover": false
            }
          },
          {
            "X": 300,
            "Y": 376,
            "Z": 0,
            "W": 34,
            "H": 18,
            "D": 0,
            "UIElementTypeName": "Universal",
            "UIElementUniqueName": "424bf7ea-b485-459e-af27-277a26dc36b3",
            "UIElementDisplayName": "UniversalRect",
            "SplunkObjectID": 6,
            "ClassName": "Universal",
            "ShapeType": "Rectangle",
            "ObjectType": "Universal",
            "DataJSON": {
              "ID": "424bf7ea-b485-459e-af27-277a26dc36b3",
              "Name": "Universal_424bf",
              "ZIndex": 7,
              "ShapeType": "Rectangle",
              "SplunkObjectID": "6",
              "ClassName": "Universal",
              "Position": [
                [
                  300,
                  376
                ],
                [
                  334,
                  394
                ]
              ],
              "TitlePosition": [
                [
                  13,
                  40
                ],
                [
                  73,
                  60
                ]
              ],
              "TitleColor": [
                255,
                "#000000"
              ],
              "TitleCaption": "",
              "TitleAlignment": "Center",
              "IconPosition": [
                [
                  0,
                  0
                ],
                [
                  0,
                  0
                ]
              ],
              "IconImageUrl": "",
              "ShowAlarmLamp": true,
              "AlarmLampPosition": [
                83,
                12
              ],
              "AlarmLampSize": 12,
              "AlarmLampColor": [
                255,
                "#00ff00"
              ],
              "AlarmLampBlink": false,
              "Zoomable": false,
              "HasLamp": true,
              "BorderThickness": 1,
              "BorderRadius": 3.2,
              "BorderColor": [
                0,
                "#C9C9C9"
              ],
              "LinkedMapGuid": "",
              "BackGroundColor": [
                0,
                "#000000"
              ],
              "BackGroundImageUrl": "",
              "fontSize": "27px",
              "LinkUrl": "",
              "EnableLinkUrl": false,
              "LoadHtml": "",
              "EnableLoadHtml": false,
              "LoadAPI": "",
              "EnableLoadAPI": false,
              "LoadPopup": "",
              "EnableLoadPopup": false,
              "LoadPOI": "",
              "EnableLoadPOI": false,
              "meta": {
                "metric": {
                  "method": "GET",
                  "url": "",
                  "body": ""
                },
                "health": {
                  "method": "GET",
                  "url": "http://play.drilldown.info:1880/itrm_health2?proc=PROC_DEVICE_INFO&healthField=Status&compareValue=Running&device=PLC01&sort=naonDevice&title=Device2",
                  "body": ""
                },
                "position": {
                  "method": "GET",
                  "url": "",
                  "body": ""
                }
              },
              "hover": false
            }
          },
          {
            "X": 177,
            "Y": 290,
            "Z": 0,
            "W": 34,
            "H": 18,
            "D": 0,
            "UIElementTypeName": "Universal",
            "UIElementUniqueName": "35e6bc30-b3af-4e95-867c-3cf32957ea67",
            "UIElementDisplayName": "UniversalRect",
            "SplunkObjectID": 6,
            "ClassName": "Universal",
            "ShapeType": "Rectangle",
            "ObjectType": "Universal",
            "DataJSON": {
              "ID": "35e6bc30-b3af-4e95-867c-3cf32957ea67",
              "Name": "Universal_35e6b",
              "ZIndex": 11,
              "ShapeType": "Rectangle",
              "SplunkObjectID": "6",
              "ClassName": "Universal",
              "Position": [
                [
                  177,
                  290
                ],
                [
                  211,
                  308
                ]
              ],
              "TitlePosition": [
                [
                  13,
                  40
                ],
                [
                  73,
                  60
                ]
              ],
              "TitleColor": [
                255,
                "#000000"
              ],
              "TitleCaption": "",
              "TitleAlignment": "Center",
              "IconPosition": [
                [
                  0,
                  0
                ],
                [
                  0,
                  0
                ]
              ],
              "IconImageUrl": "",
              "ShowAlarmLamp": true,
              "AlarmLampPosition": [
                83,
                12
              ],
              "AlarmLampSize": 12,
              "AlarmLampColor": [
                255,
                "#00ff00"
              ],
              "AlarmLampBlink": false,
              "Zoomable": false,
              "HasLamp": true,
              "BorderThickness": 1,
              "BorderRadius": 3.2,
              "BorderColor": [
                0,
                "#C9C9C9"
              ],
              "LinkedMapGuid": "",
              "BackGroundColor": [
                0,
                "#000000"
              ],
              "BackGroundImageUrl": "",
              "fontSize": "27px",
              "LinkUrl": "",
              "EnableLinkUrl": false,
              "LoadHtml": "",
              "EnableLoadHtml": false,
              "LoadAPI": "",
              "EnableLoadAPI": false,
              "LoadPopup": "",
              "EnableLoadPopup": false,
              "LoadPOI": "",
              "EnableLoadPOI": false,
              "meta": {
                "metric": {
                  "method": "GET",
                  "url": "",
                  "body": ""
                },
                "health": {
                  "method": "GET",
                  "url": "http://play.drilldown.info:1880/itrm_health2?proc=PROC_DEVICE_INFO&healthField=Status&compareValue=Running&device=PLC01&sort=naonDevice&title=Device3",
                  "body": ""
                },
                "position": {
                  "method": "GET",
                  "url": "",
                  "body": ""
                }
              },
              "hover": false
            }
          },
          {
            "X": 379,
            "Y": 297,
            "Z": 0,
            "W": 34,
            "H": 18,
            "D": 0,
            "UIElementTypeName": "Universal",
            "UIElementUniqueName": "debd0e16-b5d9-4937-b7a8-52fed472e8f1",
            "UIElementDisplayName": "UniversalRect",
            "SplunkObjectID": 6,
            "ClassName": "Universal",
            "ShapeType": "Rectangle",
            "ObjectType": "Universal",
            "DataJSON": {
              "ID": "debd0e16-b5d9-4937-b7a8-52fed472e8f1",
              "Name": "Universal_debd0",
              "ZIndex": 15,
              "ShapeType": "Rectangle",
              "SplunkObjectID": "6",
              "ClassName": "Universal",
              "Position": [
                [
                  379,
                  297
                ],
                [
                  412,
                  315
                ]
              ],
              "TitlePosition": [
                [
                  13,
                  40
                ],
                [
                  73,
                  60
                ]
              ],
              "TitleColor": [
                255,
                "#000000"
              ],
              "TitleCaption": "",
              "TitleAlignment": "Center",
              "IconPosition": [
                [
                  0,
                  0
                ],
                [
                  0,
                  0
                ]
              ],
              "IconImageUrl": "",
              "ShowAlarmLamp": true,
              "AlarmLampPosition": [
                83,
                12
              ],
              "AlarmLampSize": 12,
              "AlarmLampColor": [
                255,
                "#00ff00"
              ],
              "AlarmLampBlink": false,
              "Zoomable": false,
              "HasLamp": true,
              "BorderThickness": 1,
              "BorderRadius": 3.2,
              "BorderColor": [
                0,
                "#C9C9C9"
              ],
              "LinkedMapGuid": "",
              "BackGroundColor": [
                0,
                "#000000"
              ],
              "BackGroundImageUrl": "",
              "fontSize": "27px",
              "LinkUrl": "",
              "EnableLinkUrl": false,
              "LoadHtml": "",
              "EnableLoadHtml": false,
              "LoadAPI": "",
              "EnableLoadAPI": false,
              "LoadPopup": "",
              "EnableLoadPopup": false,
              "LoadPOI": "",
              "EnableLoadPOI": false,
              "meta": {
                "metric": {
                  "method": "GET",
                  "url": "",
                  "body": ""
                },
                "health": {
                  "method": "GET",
                  "url": "http://play.drilldown.info:1880/itrm_health2?proc=PROC_DEVICE_INFO&healthField=Status&compareValue=Running&device=PLC01&sort=naonDevice&title=Device4",
                  "body": ""
                },
                "position": {
                  "method": "GET",
                  "url": "",
                  "body": ""
                }
              },
              "hover": false
            }
          },
          {
            "X": 163,
            "Y": 548,
            "Z": 0,
            "W": 34,
            "H": 18,
            "D": 0,
            "UIElementTypeName": "Universal",
            "UIElementUniqueName": "dfb79c42-ee11-4732-a253-6ed6e43e85c8",
            "UIElementDisplayName": "UniversalRect",
            "SplunkObjectID": 6,
            "ClassName": "Universal",
            "ShapeType": "Rectangle",
            "ObjectType": "Universal",
            "DataJSON": {
              "ID": "dfb79c42-ee11-4732-a253-6ed6e43e85c8",
              "Name": "Universal_dfb79",
              "ZIndex": 19,
              "ShapeType": "Rectangle",
              "SplunkObjectID": "6",
              "ClassName": "Universal",
              "Position": [
                [
                  163,
                  548
                ],
                [
                  197,
                  567
                ]
              ],
              "TitlePosition": [
                [
                  13,
                  40
                ],
                [
                  73,
                  60
                ]
              ],
              "TitleColor": [
                255,
                "#000000"
              ],
              "TitleCaption": "",
              "TitleAlignment": "Center",
              "IconPosition": [
                [
                  0,
                  0
                ],
                [
                  0,
                  0
                ]
              ],
              "IconImageUrl": "",
              "ShowAlarmLamp": true,
              "AlarmLampPosition": [
                83,
                12
              ],
              "AlarmLampSize": 12,
              "AlarmLampColor": [
                255,
                "#00ff00"
              ],
              "AlarmLampBlink": false,
              "Zoomable": false,
              "HasLamp": true,
              "BorderThickness": 1,
              "BorderRadius": 3.2,
              "BorderColor": [
                0,
                "#C9C9C9"
              ],
              "LinkedMapGuid": "",
              "BackGroundColor": [
                0,
                "#000000"
              ],
              "BackGroundImageUrl": "",
              "fontSize": "27px",
              "LinkUrl": "",
              "EnableLinkUrl": false,
              "LoadHtml": "",
              "EnableLoadHtml": false,
              "LoadAPI": "",
              "EnableLoadAPI": false,
              "LoadPopup": "",
              "EnableLoadPopup": false,
              "LoadPOI": "",
              "EnableLoadPOI": false,
              "meta": {
                "metric": {
                  "method": "GET",
                  "url": "",
                  "body": ""
                },
                "health": {
                  "method": "GET",
                  "url": "http://play.drilldown.info:1880/itrm_health2?proc=PROC_DEVICE_INFO&healthField=Status&compareValue=Running&device=PLC01&sort=naonDevice&title=Device5",
                  "body": ""
                },
                "position": {
                  "method": "GET",
                  "url": "",
                  "body": ""
                }
              },
              "hover": false
            }
          },
          {
            "X": 369,
            "Y": 547,
            "Z": 0,
            "W": 34,
            "H": 18,
            "D": 0,
            "UIElementTypeName": "Universal",
            "UIElementUniqueName": "d6060f65-7651-4277-8121-bee77ee9146f",
            "UIElementDisplayName": "UniversalRect",
            "SplunkObjectID": 6,
            "ClassName": "Universal",
            "ShapeType": "Rectangle",
            "ObjectType": "Universal",
            "DataJSON": {
              "ID": "d6060f65-7651-4277-8121-bee77ee9146f",
              "Name": "Universal_d6060",
              "ZIndex": 23,
              "ShapeType": "Rectangle",
              "SplunkObjectID": "6",
              "ClassName": "Universal",
              "Position": [
                [
                  369,
                  547
                ],
                [
                  403,
                  565
                ]
              ],
              "TitlePosition": [
                [
                  13,
                  40
                ],
                [
                  73,
                  60
                ]
              ],
              "TitleColor": [
                255,
                "#000000"
              ],
              "TitleCaption": "",
              "TitleAlignment": "Center",
              "IconPosition": [
                [
                  0,
                  0
                ],
                [
                  0,
                  0
                ]
              ],
              "IconImageUrl": "",
              "ShowAlarmLamp": true,
              "AlarmLampPosition": [
                83,
                12
              ],
              "AlarmLampSize": 12,
              "AlarmLampColor": [
                255,
                "#00ff00"
              ],
              "AlarmLampBlink": false,
              "Zoomable": false,
              "HasLamp": true,
              "BorderThickness": 1,
              "BorderRadius": 3.2,
              "BorderColor": [
                0,
                "#C9C9C9"
              ],
              "LinkedMapGuid": "",
              "BackGroundColor": [
                0,
                "#000000"
              ],
              "BackGroundImageUrl": "",
              "fontSize": "27px",
              "LinkUrl": "",
              "EnableLinkUrl": false,
              "LoadHtml": "",
              "EnableLoadHtml": false,
              "LoadAPI": "",
              "EnableLoadAPI": false,
              "LoadPopup": "",
              "EnableLoadPopup": false,
              "LoadPOI": "",
              "EnableLoadPOI": false,
              "meta": {
                "metric": {
                  "method": "GET",
                  "url": "",
                  "body": ""
                },
                "health": {
                  "method": "GET",
                  "url": "http://play.drilldown.info:1880/itrm_health2?proc=PROC_DEVICE_INFO&healthField=Status&compareValue=Running&device=PLC01&sort=naonDevice&title=Device6",
                  "body": ""
                },
                "position": {
                  "method": "GET",
                  "url": "",
                  "body": ""
                }
              },
              "hover": false
            }
          },
          {
            "X": 401,
            "Y": 427,
            "Z": 0,
            "W": 34,
            "H": 18,
            "D": 0,
            "UIElementTypeName": "Universal",
            "UIElementUniqueName": "0261820b-e30f-4e8e-9d1d-3e57a1093ff0",
            "UIElementDisplayName": "UniversalRect",
            "SplunkObjectID": 6,
            "ClassName": "Universal",
            "ShapeType": "Rectangle",
            "ObjectType": "Universal",
            "DataJSON": {
              "ID": "0261820b-e30f-4e8e-9d1d-3e57a1093ff0",
              "Name": "Universal_02618",
              "ZIndex": 27,
              "ShapeType": "Rectangle",
              "SplunkObjectID": "6",
              "ClassName": "Universal",
              "Position": [
                [
                  401,
                  427
                ],
                [
                  435,
                  445
                ]
              ],
              "TitlePosition": [
                [
                  13,
                  40
                ],
                [
                  73,
                  60
                ]
              ],
              "TitleColor": [
                255,
                "#000000"
              ],
              "TitleCaption": "",
              "TitleAlignment": "Center",
              "IconPosition": [
                [
                  0,
                  0
                ],
                [
                  0,
                  0
                ]
              ],
              "IconImageUrl": "",
              "ShowAlarmLamp": true,
              "AlarmLampPosition": [
                83,
                12
              ],
              "AlarmLampSize": 12,
              "AlarmLampColor": [
                255,
                "#00ff00"
              ],
              "AlarmLampBlink": false,
              "Zoomable": false,
              "HasLamp": true,
              "BorderThickness": 1,
              "BorderRadius": 3.2,
              "BorderColor": [
                0,
                "#C9C9C9"
              ],
              "LinkedMapGuid": "",
              "BackGroundColor": [
                0,
                "#000000"
              ],
              "BackGroundImageUrl": "",
              "fontSize": "27px",
              "LinkUrl": "",
              "EnableLinkUrl": false,
              "LoadHtml": "",
              "EnableLoadHtml": false,
              "LoadAPI": "",
              "EnableLoadAPI": false,
              "LoadPopup": "",
              "EnableLoadPopup": false,
              "LoadPOI": "",
              "EnableLoadPOI": false,
              "meta": {
                "metric": {
                  "method": "GET",
                  "url": "",
                  "body": ""
                },
                "health": {
                  "method": "GET",
                  "url": "http://play.drilldown.info:1880/itrm_health2?proc=PROC_DEVICE_INFO&healthField=Status&compareValue=Running&device=PLC01&sort=naonDevice&title=Device7",
                  "body": ""
                },
                "position": {
                  "method": "GET",
                  "url": "",
                  "body": ""
                }
              },
              "hover": false
            }
          },
          {
            "X": 191,
            "Y": 429,
            "Z": 0,
            "W": 34,
            "H": 18,
            "D": 0,
            "UIElementTypeName": "Universal",
            "UIElementUniqueName": "2d147ba5-56d8-4f8d-8db6-aa3bc6cdfe03",
            "UIElementDisplayName": "UniversalRect",
            "SplunkObjectID": 6,
            "ClassName": "Universal",
            "ShapeType": "Rectangle",
            "ObjectType": "Universal",
            "DataJSON": {
              "ID": "2d147ba5-56d8-4f8d-8db6-aa3bc6cdfe03",
              "Name": "Universal_2d147",
              "ZIndex": 31,
              "ShapeType": "Rectangle",
              "SplunkObjectID": "6",
              "ClassName": "Universal",
              "Position": [
                [
                  191,
                  429
                ],
                [
                  225,
                  447
                ]
              ],
              "TitlePosition": [
                [
                  13,
                  40
                ],
                [
                  73,
                  60
                ]
              ],
              "TitleColor": [
                255,
                "#000000"
              ],
              "TitleCaption": "",
              "TitleAlignment": "Center",
              "IconPosition": [
                [
                  0,
                  0
                ],
                [
                  0,
                  0
                ]
              ],
              "IconImageUrl": "",
              "ShowAlarmLamp": true,
              "AlarmLampPosition": [
                83,
                12
              ],
              "AlarmLampSize": 12,
              "AlarmLampColor": [
                255,
                "#00ff00"
              ],
              "AlarmLampBlink": false,
              "Zoomable": false,
              "HasLamp": true,
              "BorderThickness": 1,
              "BorderRadius": 3.2,
              "BorderColor": [
                0,
                "#C9C9C9"
              ],
              "LinkedMapGuid": "",
              "BackGroundColor": [
                0,
                "#000000"
              ],
              "BackGroundImageUrl": "",
              "fontSize": "27px",
              "LinkUrl": "",
              "EnableLinkUrl": false,
              "LoadHtml": "",
              "EnableLoadHtml": false,
              "LoadAPI": "",
              "EnableLoadAPI": false,
              "LoadPopup": "",
              "EnableLoadPopup": false,
              "LoadPOI": "",
              "EnableLoadPOI": false,
              "meta": {
                "metric": {
                  "method": "GET",
                  "url": "",
                  "body": ""
                },
                "health": {
                  "method": "GET",
                  "url": "http://play.drilldown.info:1880/itrm_health2?proc=PROC_DEVICE_INFO&healthField=Status&compareValue=Running&device=PLC01&sort=naonDevice&title=Device8",
                  "body": ""
                },
                "position": {
                  "method": "GET",
                  "url": "",
                  "body": ""
                }
              },
              "hover": false
            }
          },
          {
            "X": 660,
            "Y": 46,
            "Z": 0,
            "W": 566,
            "H": 293,
            "D": 0,
            "UIElementTypeName": "Chart",
            "UIElementUniqueName": "c13a7430-3b74-47f9-ad6a-4eac481e5350",
            "UIElementDisplayName": "Chart_2d7ec",
            "ClassName": "Chart",
            "DataJSON": {
              "ID": "c13a7430-3b74-47f9-ad6a-4eac481e5350",
              "Name": "Table_c13a7430-3b74-47f9-ad6a-4eac481e5350",
              "ZIndex": "35",
              "ClassName": "Chart",
              "Position": [
                [
                  660,
                  46
                ],
                [
                  1225,
                  340
                ]
              ],
              "meta": {
                "data": {
                  "name": "chart1",
                  "url": "http://play.drilldown.info:1880/itrm_line?proc=PROC_NETWORK_TRAFFIC_ALL",
                  "method": "GET",
                  "reloadtime": 0,
                  "body": "{}",
                  "url_options": [
                    {
                      "name": "chart1",
                      "url": "http://play.drilldown.info:1880/itrm_line?proc=PROC_NETWORK_TRAFFIC_ALL",
                      "interval": 5,
                      "body": "{}"
                    }
                  ],
                  "interval": 5
                },
                "position": {
                  "method": "GET",
                  "url": "",
                  "body": ""
                }
              },
              "hover": false
            }
          },
          {
            "X": 112,
            "Y": 480,
            "Z": 0,
            "W": 34,
            "H": 18,
            "D": 0,
            "UIElementTypeName": "Universal",
            "UIElementUniqueName": "cd38d7a4-8c44-46df-bf21-ebead40ca021",
            "UIElementDisplayName": "UniversalRect",
            "SplunkObjectID": 6,
            "ClassName": "Universal",
            "ShapeType": "Rectangle",
            "ObjectType": "Universal",
            "DataJSON": {
              "ID": "cd38d7a4-8c44-46df-bf21-ebead40ca021",
              "Name": "Universal_cd38d",
              "ZIndex": 38,
              "ShapeType": "Rectangle",
              "SplunkObjectID": "6",
              "ClassName": "Universal",
              "Position": [
                [
                  112,
                  480
                ],
                [
                  145,
                  499
                ]
              ],
              "TitlePosition": [
                [
                  13,
                  40
                ],
                [
                  73,
                  60
                ]
              ],
              "TitleColor": [
                255,
                "#000000"
              ],
              "TitleCaption": "",
              "TitleAlignment": "Center",
              "IconPosition": [
                [
                  0,
                  0
                ],
                [
                  0,
                  0
                ]
              ],
              "IconImageUrl": "",
              "ShowAlarmLamp": true,
              "AlarmLampPosition": [
                83,
                12
              ],
              "AlarmLampSize": 12,
              "AlarmLampColor": [
                255,
                "#00ff00"
              ],
              "AlarmLampBlink": false,
              "Zoomable": false,
              "HasLamp": true,
              "BorderThickness": 1,
              "BorderRadius": 3.2,
              "BorderColor": [
                0,
                "#C9C9C9"
              ],
              "LinkedMapGuid": "",
              "BackGroundColor": [
                0,
                "#000000"
              ],
              "BackGroundImageUrl": "",
              "fontSize": "27px",
              "LinkUrl": "",
              "EnableLinkUrl": false,
              "LoadHtml": "",
              "EnableLoadHtml": false,
              "LoadAPI": "",
              "EnableLoadAPI": false,
              "LoadPopup": "",
              "EnableLoadPopup": false,
              "LoadPOI": "",
              "EnableLoadPOI": false,
              "meta": {
                "metric": {
                  "method": "GET",
                  "url": "",
                  "body": ""
                },
                "health": {
                  "method": "GET",
                  "url": "http://play.drilldown.info:1880/itrm_health2?proc=PROC_DEVICE_INFO&healthField=Status&compareValue=Running&device=PLC01&sort=naonDevice&title=Device9",
                  "body": ""
                },
                "position": {
                  "method": "GET",
                  "url": "",
                  "body": ""
                }
              },
              "hover": false
            }
          },
          {
            "X": 653,
            "Y": 387,
            "Z": 0,
            "W": 563,
            "H": 287,
            "D": 0,
            "UIElementTypeName": "Universal",
            "UIElementUniqueName": "3aa98ec2-500c-41a5-8bb7-ea0b08cbb223",
            "UIElementDisplayName": "UniversalRect",
            "SplunkObjectID": 0,
            "ClassName": "Universal",
            "ShapeType": "Rectangle",
            "ObjectType": "Universal",
            "DataJSON": {
              "ID": "3aa98ec2-500c-41a5-8bb7-ea0b08cbb223",
              "Name": "Universal_3aa98",
              "ZIndex": 42,
              "ShapeType": "Rectangle",
              "SplunkObjectID": "0",
              "ClassName": "Universal",
              "Position": [
                [
                  653,
                  387
                ],
                [
                  1216,
                  674
                ]
              ],
              "TitlePosition": [
                [
                  12,
                  88
                ],
                [
                  88,
                  99
                ]
              ],
              "TitleColor": [
                255,
                "#FFFFFF"
              ],
              "TitleCaption": "AP Status",
              "TitleAlignment": "Center",
              "IconPosition": [
                [
                  0,
                  0
                ],
                [
                  0,
                  0
                ]
              ],
              "IconImageUrl": "",
              "ShowAlarmLamp": false,
              "AlarmLampPosition": [
                89,
                91
              ],
              "AlarmLampSize": 12,
              "AlarmLampColor": [
                0,
                "#00ff00"
              ],
              "AlarmLampBlink": false,
              "Zoomable": true,
              "HasLamp": false,
              "BorderThickness": 3,
              "BorderRadius": 3.2,
              "BorderColor": [
                255,
                "#C9C9C9"
              ],
              "LinkedMapGuid": "",
              "BackGroundColor": [
                0,
                "#FFFFFF"
              ],
              "BackGroundImageUrl": "",
              "fontSize": "21px",
              "LinkUrl": "",
              "EnableLinkUrl": false,
              "LoadHtml": "",
              "EnableLoadHtml": false,
              "LoadAPI": "",
              "EnableLoadAPI": false,
              "LoadPopup": "",
              "EnableLoadPopup": false,
              "LoadPOI": "",
              "EnableLoadPOI": false,
              "meta": {
                "metric": {
                  "method": "GET",
                  "url": "",
                  "body": ""
                },
                "health": {
                  "method": "GET",
                  "url": "",
                  "body": ""
                },
                "position": {
                  "method": "GET",
                  "url": "",
                  "body": ""
                }
              }
            }
          },
          {
            "X": 663,
            "Y": 401,
            "Z": 0,
            "W": 85,
            "H": 66,
            "D": 0,
            "UIElementTypeName": "Universal",
            "UIElementUniqueName": "3cdb4efe-6373-4e60-8a48-da26ad885427",
            "UIElementDisplayName": "UniversalRect",
            "SplunkObjectID": 1,
            "ClassName": "Universal",
            "ShapeType": "Rectangle",
            "ObjectType": "Universal",
            "DataJSON": {
              "ID": "3cdb4efe-6373-4e60-8a48-da26ad885427",
              "Name": "Universal_3cdb4",
              "ZIndex": 46,
              "ShapeType": "Rectangle",
              "SplunkObjectID": "1",
              "ClassName": "Universal",
              "Position": [
                [
                  663,
                  401
                ],
                [
                  749,
                  467
                ]
              ],
              "TitlePosition": [
                [
                  13,
                  31
                ],
                [
                  87,
                  69
                ]
              ],
              "TitleColor": [
                255,
                "#FFFFFF"
              ],
              "TitleCaption": "AP1",
              "TitleAlignment": "Center",
              "IconPosition": [
                [
                  0,
                  0
                ],
                [
                  0,
                  0
                ]
              ],
              "IconImageUrl": "",
              "ShowAlarmLamp": true,
              "AlarmLampPosition": [
                83,
                12
              ],
              "AlarmLampSize": 12,
              "AlarmLampColor": [
                255,
                "#00ff00"
              ],
              "AlarmLampBlink": false,
              "Zoomable": true,
              "HasLamp": true,
              "BorderThickness": 3,
              "BorderRadius": 3.2,
              "BorderColor": [
                255,
                "#C9C9C9"
              ],
              "LinkedMapGuid": "",
              "BackGroundColor": [
                0,
                "#FFFFFF"
              ],
              "BackGroundImageUrl": "",
              "fontSize": "16px",
              "LinkUrl": "",
              "EnableLinkUrl": false,
              "LoadHtml": "",
              "EnableLoadHtml": false,
              "LoadAPI": "",
              "EnableLoadAPI": false,
              "LoadPopup": "",
              "EnableLoadPopup": false,
              "LoadPOI": "",
              "EnableLoadPOI": false,
              "meta": {
                "metric": {
                  "method": "GET",
                  "url": "",
                  "body": ""
                },
                "health": {
                  "method": "GET",
                  "url": "http://play.drilldown.info:1880/itrm_health2?proc=PROC_DEVICE_INFO&healthField=Status&compareValue=Running&device=PLC01&sort=naonDevice&title=AP1",
                  "body": ""
                },
                "position": {
                  "method": "GET",
                  "url": "",
                  "body": ""
                }
              },
              "hover": false
            }
          },
          {
            "X": 755,
            "Y": 401,
            "Z": 0,
            "W": 85,
            "H": 66,
            "D": 0,
            "UIElementTypeName": "Universal",
            "UIElementUniqueName": "aae0a078-0736-417c-828b-edbbbc3adfe9",
            "UIElementDisplayName": "UniversalRect",
            "SplunkObjectID": 1,
            "ClassName": "Universal",
            "ShapeType": "Rectangle",
            "ObjectType": "Universal",
            "DataJSON": {
              "ID": "aae0a078-0736-417c-828b-edbbbc3adfe9",
              "Name": "Universal_aae0a",
              "ZIndex": 50,
              "ShapeType": "Rectangle",
              "SplunkObjectID": "1",
              "ClassName": "Universal",
              "Position": [
                [
                  755,
                  401
                ],
                [
                  840,
                  467
                ]
              ],
              "TitlePosition": [
                [
                  13,
                  33
                ],
                [
                  87,
                  67
                ]
              ],
              "TitleColor": [
                255,
                "#FFFFFF"
              ],
              "TitleCaption": "AP2",
              "TitleAlignment": "Center",
              "IconPosition": [
                [
                  0,
                  0
                ],
                [
                  0,
                  0
                ]
              ],
              "IconImageUrl": "",
              "ShowAlarmLamp": true,
              "AlarmLampPosition": [
                83,
                12
              ],
              "AlarmLampSize": 12,
              "AlarmLampColor": [
                255,
                "#00ff00"
              ],
              "AlarmLampBlink": false,
              "Zoomable": true,
              "HasLamp": true,
              "BorderThickness": 3,
              "BorderRadius": 3.2,
              "BorderColor": [
                255,
                "#C9C9C9"
              ],
              "LinkedMapGuid": "",
              "BackGroundColor": [
                0,
                "#FFFFFF"
              ],
              "BackGroundImageUrl": "",
              "fontSize": "16px",
              "LinkUrl": "",
              "EnableLinkUrl": false,
              "LoadHtml": "",
              "EnableLoadHtml": false,
              "LoadAPI": "",
              "EnableLoadAPI": false,
              "LoadPopup": "",
              "EnableLoadPopup": false,
              "LoadPOI": "",
              "EnableLoadPOI": false,
              "meta": {
                "metric": {
                  "method": "GET",
                  "url": "",
                  "body": ""
                },
                "health": {
                  "method": "GET",
                  "url": "http://play.drilldown.info:1880/itrm_health2?proc=PROC_DEVICE_INFO&healthField=Status&compareValue=Running&device=PLC01&sort=naonDevice&title=AP2",
                  "body": ""
                },
                "position": {
                  "method": "GET",
                  "url": "",
                  "body": ""
                }
              },
              "hover": false
            }
          },
          {
            "X": 846,
            "Y": 401,
            "Z": 0,
            "W": 85,
            "H": 66,
            "D": 0,
            "UIElementTypeName": "Universal",
            "UIElementUniqueName": "d3636375-b13f-4d24-b608-96d30f0585e9",
            "UIElementDisplayName": "UniversalRect",
            "SplunkObjectID": 1,
            "ClassName": "Universal",
            "ShapeType": "Rectangle",
            "ObjectType": "Universal",
            "DataJSON": {
              "ID": "d3636375-b13f-4d24-b608-96d30f0585e9",
              "Name": "Universal_d3636",
              "ZIndex": 54,
              "ShapeType": "Rectangle",
              "SplunkObjectID": "1",
              "ClassName": "Universal",
              "Position": [
                [
                  846,
                  401
                ],
                [
                  931,
                  467
                ]
              ],
              "TitlePosition": [
                [
                  13,
                  33
                ],
                [
                  87,
                  67
                ]
              ],
              "TitleColor": [
                255,
                "#FFFFFF"
              ],
              "TitleCaption": "AP3",
              "TitleAlignment": "Center",
              "IconPosition": [
                [
                  0,
                  0
                ],
                [
                  0,
                  0
                ]
              ],
              "IconImageUrl": "",
              "ShowAlarmLamp": true,
              "AlarmLampPosition": [
                83,
                12
              ],
              "AlarmLampSize": 12,
              "AlarmLampColor": [
                255,
                "#00ff00"
              ],
              "AlarmLampBlink": false,
              "Zoomable": true,
              "HasLamp": true,
              "BorderThickness": 3,
              "BorderRadius": 3.2,
              "BorderColor": [
                255,
                "#C9C9C9"
              ],
              "LinkedMapGuid": "",
              "BackGroundColor": [
                0,
                "#FFFFFF"
              ],
              "BackGroundImageUrl": "",
              "fontSize": "16px",
              "LinkUrl": "",
              "EnableLinkUrl": false,
              "LoadHtml": "",
              "EnableLoadHtml": false,
              "LoadAPI": "",
              "EnableLoadAPI": false,
              "LoadPopup": "",
              "EnableLoadPopup": false,
              "LoadPOI": "",
              "EnableLoadPOI": false,
              "meta": {
                "metric": {
                  "method": "GET",
                  "url": "",
                  "body": ""
                },
                "health": {
                  "method": "GET",
                  "url": "http://play.drilldown.info:1880/itrm_health2?proc=PROC_DEVICE_INFO&healthField=Status&compareValue=Running&device=PLC01&sort=naonDevice&title=AP3",
                  "body": ""
                },
                "position": {
                  "method": "GET",
                  "url": "",
                  "body": ""
                }
              },
              "hover": false
            }
          },
          {
            "X": 937,
            "Y": 401,
            "Z": 0,
            "W": 85,
            "H": 66,
            "D": 0,
            "UIElementTypeName": "Universal",
            "UIElementUniqueName": "2e578f1a-96cc-4c45-8237-36cf40cb1527",
            "UIElementDisplayName": "UniversalRect",
            "SplunkObjectID": 1,
            "ClassName": "Universal",
            "ShapeType": "Rectangle",
            "ObjectType": "Universal",
            "DataJSON": {
              "ID": "2e578f1a-96cc-4c45-8237-36cf40cb1527",
              "Name": "Universal_2e578",
              "ZIndex": 58,
              "ShapeType": "Rectangle",
              "SplunkObjectID": "1",
              "ClassName": "Universal",
              "Position": [
                [
                  937,
                  401
                ],
                [
                  1022,
                  467
                ]
              ],
              "TitlePosition": [
                [
                  13,
                  31
                ],
                [
                  87,
                  69
                ]
              ],
              "TitleColor": [
                255,
                "#FFFFFF"
              ],
              "TitleCaption": "AP4",
              "TitleAlignment": "Center",
              "IconPosition": [
                [
                  0,
                  0
                ],
                [
                  0,
                  0
                ]
              ],
              "IconImageUrl": "",
              "ShowAlarmLamp": true,
              "AlarmLampPosition": [
                83,
                12
              ],
              "AlarmLampSize": 12,
              "AlarmLampColor": [
                255,
                "#00ff00"
              ],
              "AlarmLampBlink": false,
              "Zoomable": true,
              "HasLamp": true,
              "BorderThickness": 3,
              "BorderRadius": 3.2,
              "BorderColor": [
                255,
                "#C9C9C9"
              ],
              "LinkedMapGuid": "",
              "BackGroundColor": [
                0,
                "#FFFFFF"
              ],
              "BackGroundImageUrl": "",
              "fontSize": "16px",
              "LinkUrl": "",
              "EnableLinkUrl": false,
              "LoadHtml": "",
              "EnableLoadHtml": false,
              "LoadAPI": "",
              "EnableLoadAPI": false,
              "LoadPopup": "",
              "EnableLoadPopup": false,
              "LoadPOI": "",
              "EnableLoadPOI": false,
              "meta": {
                "metric": {
                  "method": "GET",
                  "url": "",
                  "body": ""
                },
                "health": {
                  "method": "GET",
                  "url": "http://play.drilldown.info:1880/itrm_health2?proc=PROC_DEVICE_INFO&healthField=Status&compareValue=Running&device=PLC01&sort=naonDevice&title=AP4",
                  "body": ""
                },
                "position": {
                  "method": "GET",
                  "url": "",
                  "body": ""
                }
              },
              "hover": false
            }
          },
          {
            "X": 1028,
            "Y": 401,
            "Z": 0,
            "W": 85,
            "H": 66,
            "D": 0,
            "UIElementTypeName": "Universal",
            "UIElementUniqueName": "8ed337e8-70a5-4b14-964d-7adde74203d5",
            "UIElementDisplayName": "UniversalRect",
            "SplunkObjectID": 1,
            "ClassName": "Universal",
            "ShapeType": "Rectangle",
            "ObjectType": "Universal",
            "DataJSON": {
              "ID": "8ed337e8-70a5-4b14-964d-7adde74203d5",
              "Name": "Universal_8ed33",
              "ZIndex": 62,
              "ShapeType": "Rectangle",
              "SplunkObjectID": "1",
              "ClassName": "Universal",
              "Position": [
                [
                  1028,
                  401
                ],
                [
                  1113,
                  467
                ]
              ],
              "TitlePosition": [
                [
                  13,
                  28
                ],
                [
                  87,
                  72
                ]
              ],
              "TitleColor": [
                255,
                "#FFFFFF"
              ],
              "TitleCaption": "AP5",
              "TitleAlignment": "Center",
              "IconPosition": [
                [
                  0,
                  0
                ],
                [
                  0,
                  0
                ]
              ],
              "IconImageUrl": "",
              "ShowAlarmLamp": true,
              "AlarmLampPosition": [
                83,
                12
              ],
              "AlarmLampSize": 12,
              "AlarmLampColor": [
                255,
                "#00ff00"
              ],
              "AlarmLampBlink": false,
              "Zoomable": true,
              "HasLamp": true,
              "BorderThickness": 3,
              "BorderRadius": 3.2,
              "BorderColor": [
                255,
                "#C9C9C9"
              ],
              "LinkedMapGuid": "",
              "BackGroundColor": [
                0,
                "#FFFFFF"
              ],
              "BackGroundImageUrl": "",
              "fontSize": "16px",
              "LinkUrl": "",
              "EnableLinkUrl": false,
              "LoadHtml": "",
              "EnableLoadHtml": false,
              "LoadAPI": "",
              "EnableLoadAPI": false,
              "LoadPopup": "",
              "EnableLoadPopup": false,
              "LoadPOI": "",
              "EnableLoadPOI": false,
              "meta": {
                "metric": {
                  "method": "GET",
                  "url": "",
                  "body": ""
                },
                "health": {
                  "method": "GET",
                  "url": "http://play.drilldown.info:1880/itrm_health2?proc=PROC_DEVICE_INFO&healthField=Status&compareValue=Running&device=PLC01&sort=naonDevice&title=AP5",
                  "body": ""
                },
                "position": {
                  "method": "GET",
                  "url": "",
                  "body": ""
                }
              },
              "hover": false
            }
          },
          {
            "X": 1119,
            "Y": 401,
            "Z": 0,
            "W": 85,
            "H": 66,
            "D": 0,
            "UIElementTypeName": "Universal",
            "UIElementUniqueName": "449687fc-a38e-405d-84a2-10e771adf920",
            "UIElementDisplayName": "UniversalRect",
            "SplunkObjectID": 1,
            "ClassName": "Universal",
            "ShapeType": "Rectangle",
            "ObjectType": "Universal",
            "DataJSON": {
              "ID": "449687fc-a38e-405d-84a2-10e771adf920",
              "Name": "Universal_44968",
              "ZIndex": 66,
              "ShapeType": "Rectangle",
              "SplunkObjectID": "1",
              "ClassName": "Universal",
              "Position": [
                [
                  1119,
                  401
                ],
                [
                  1205,
                  467
                ]
              ],
              "TitlePosition": [
                [
                  13,
                  31
                ],
                [
                  87,
                  69
                ]
              ],
              "TitleColor": [
                255,
                "#FFFFFF"
              ],
              "TitleCaption": "AP6",
              "TitleAlignment": "Center",
              "IconPosition": [
                [
                  0,
                  0
                ],
                [
                  0,
                  0
                ]
              ],
              "IconImageUrl": "",
              "ShowAlarmLamp": true,
              "AlarmLampPosition": [
                83,
                12
              ],
              "AlarmLampSize": 12,
              "AlarmLampColor": [
                255,
                "#00ff00"
              ],
              "AlarmLampBlink": false,
              "Zoomable": true,
              "HasLamp": true,
              "BorderThickness": 3,
              "BorderRadius": 3.2,
              "BorderColor": [
                255,
                "#C9C9C9"
              ],
              "LinkedMapGuid": "",
              "BackGroundColor": [
                0,
                "#FFFFFF"
              ],
              "BackGroundImageUrl": "",
              "fontSize": "16px",
              "LinkUrl": "",
              "EnableLinkUrl": false,
              "LoadHtml": "",
              "EnableLoadHtml": false,
              "LoadAPI": "",
              "EnableLoadAPI": false,
              "LoadPopup": "",
              "EnableLoadPopup": false,
              "LoadPOI": "",
              "EnableLoadPOI": false,
              "meta": {
                "metric": {
                  "method": "GET",
                  "url": "",
                  "body": ""
                },
                "health": {
                  "method": "GET",
                  "url": "http://play.drilldown.info:1880/itrm_health2?proc=PROC_DEVICE_INFO&healthField=Status&compareValue=Running&device=PLC01&sort=naonDevice&title=AP6",
                  "body": ""
                },
                "position": {
                  "method": "GET",
                  "url": "",
                  "body": ""
                }
              },
              "hover": false
            }
          },
          {
            "X": 663,
            "Y": 474,
            "Z": 0,
            "W": 85,
            "H": 66,
            "D": 0,
            "UIElementTypeName": "Universal",
            "UIElementUniqueName": "664425d5-d353-416e-a2e6-8b64fc45995a",
            "UIElementDisplayName": "UniversalRect",
            "SplunkObjectID": 1,
            "ClassName": "Universal",
            "ShapeType": "Rectangle",
            "ObjectType": "Universal",
            "DataJSON": {
              "ID": "664425d5-d353-416e-a2e6-8b64fc45995a",
              "Name": "Universal_66442",
              "ZIndex": 70,
              "ShapeType": "Rectangle",
              "SplunkObjectID": "1",
              "ClassName": "Universal",
              "Position": [
                [
                  663,
                  474
                ],
                [
                  749,
                  541
                ]
              ],
              "TitlePosition": [
                [
                  13,
                  31
                ],
                [
                  87,
                  69
                ]
              ],
              "TitleColor": [
                255,
                "#FFFFFF"
              ],
              "TitleCaption": "AP7",
              "TitleAlignment": "Center",
              "IconPosition": [
                [
                  0,
                  0
                ],
                [
                  0,
                  0
                ]
              ],
              "IconImageUrl": "",
              "ShowAlarmLamp": true,
              "AlarmLampPosition": [
                83,
                12
              ],
              "AlarmLampSize": 12,
              "AlarmLampColor": [
                255,
                "#00ff00"
              ],
              "AlarmLampBlink": false,
              "Zoomable": true,
              "HasLamp": true,
              "BorderThickness": 3,
              "BorderRadius": 3.2,
              "BorderColor": [
                255,
                "#C9C9C9"
              ],
              "LinkedMapGuid": "",
              "BackGroundColor": [
                0,
                "#FFFFFF"
              ],
              "BackGroundImageUrl": "",
              "fontSize": "16px",
              "LinkUrl": "",
              "EnableLinkUrl": false,
              "LoadHtml": "",
              "EnableLoadHtml": false,
              "LoadAPI": "",
              "EnableLoadAPI": false,
              "LoadPopup": "",
              "EnableLoadPopup": false,
              "LoadPOI": "",
              "EnableLoadPOI": false,
              "meta": {
                "metric": {
                  "method": "GET",
                  "url": "",
                  "body": ""
                },
                "health": {
                  "method": "GET",
                  "url": "http://play.drilldown.info:1880/itrm_health2?proc=PROC_DEVICE_INFO&healthField=Status&compareValue=Running&device=PLC01&sort=naonDevice&title=AP7",
                  "body": ""
                },
                "position": {
                  "method": "GET",
                  "url": "",
                  "body": ""
                }
              },
              "hover": false
            }
          },
          {
            "X": 755,
            "Y": 474,
            "Z": 0,
            "W": 85,
            "H": 66,
            "D": 0,
            "UIElementTypeName": "Universal",
            "UIElementUniqueName": "a4f60857-5497-4f78-981a-1e63ec167528",
            "UIElementDisplayName": "UniversalRect",
            "SplunkObjectID": 1,
            "ClassName": "Universal",
            "ShapeType": "Rectangle",
            "ObjectType": "Universal",
            "DataJSON": {
              "ID": "a4f60857-5497-4f78-981a-1e63ec167528",
              "Name": "Universal_a4f60",
              "ZIndex": 74,
              "ShapeType": "Rectangle",
              "SplunkObjectID": "1",
              "ClassName": "Universal",
              "Position": [
                [
                  755,
                  474
                ],
                [
                  840,
                  541
                ]
              ],
              "TitlePosition": [
                [
                  13,
                  28
                ],
                [
                  87,
                  72
                ]
              ],
              "TitleColor": [
                255,
                "#FFFFFF"
              ],
              "TitleCaption": "AP8",
              "TitleAlignment": "Center",
              "IconPosition": [
                [
                  0,
                  0
                ],
                [
                  0,
                  0
                ]
              ],
              "IconImageUrl": "",
              "ShowAlarmLamp": true,
              "AlarmLampPosition": [
                83,
                12
              ],
              "AlarmLampSize": 12,
              "AlarmLampColor": [
                255,
                "#00ff00"
              ],
              "AlarmLampBlink": false,
              "Zoomable": true,
              "HasLamp": true,
              "BorderThickness": 3,
              "BorderRadius": 3.2,
              "BorderColor": [
                255,
                "#C9C9C9"
              ],
              "LinkedMapGuid": "",
              "BackGroundColor": [
                0,
                "#FFFFFF"
              ],
              "BackGroundImageUrl": "",
              "fontSize": "16px",
              "LinkUrl": "",
              "EnableLinkUrl": false,
              "LoadHtml": "",
              "EnableLoadHtml": false,
              "LoadAPI": "",
              "EnableLoadAPI": false,
              "LoadPopup": "",
              "EnableLoadPopup": false,
              "LoadPOI": "",
              "EnableLoadPOI": false,
              "meta": {
                "metric": {
                  "method": "GET",
                  "url": "",
                  "body": ""
                },
                "health": {
                  "method": "GET",
                  "url": "http://play.drilldown.info:1880/itrm_health2?proc=PROC_DEVICE_INFO&healthField=Status&compareValue=Running&device=PLC01&sort=naonDevice&title=AP8",
                  "body": ""
                },
                "position": {
                  "method": "GET",
                  "url": "",
                  "body": ""
                }
              },
              "hover": false
            }
          },
          {
            "X": 846,
            "Y": 474,
            "Z": 0,
            "W": 85,
            "H": 66,
            "D": 0,
            "UIElementTypeName": "Universal",
            "UIElementUniqueName": "5899c6a4-2f0d-45a8-ab3b-f0b3132b5349",
            "UIElementDisplayName": "UniversalRect",
            "SplunkObjectID": 1,
            "ClassName": "Universal",
            "ShapeType": "Rectangle",
            "ObjectType": "Universal",
            "DataJSON": {
              "ID": "5899c6a4-2f0d-45a8-ab3b-f0b3132b5349",
              "Name": "Universal_5899c",
              "ZIndex": 78,
              "ShapeType": "Rectangle",
              "SplunkObjectID": "1",
              "ClassName": "Universal",
              "Position": [
                [
                  846,
                  474
                ],
                [
                  931,
                  541
                ]
              ],
              "TitlePosition": [
                [
                  13,
                  31
                ],
                [
                  87,
                  69
                ]
              ],
              "TitleColor": [
                255,
                "#FFFFFF"
              ],
              "TitleCaption": "AP9",
              "TitleAlignment": "Center",
              "IconPosition": [
                [
                  0,
                  0
                ],
                [
                  0,
                  0
                ]
              ],
              "IconImageUrl": "",
              "ShowAlarmLamp": true,
              "AlarmLampPosition": [
                83,
                12
              ],
              "AlarmLampSize": 12,
              "AlarmLampColor": [
                255,
                "#00ff00"
              ],
              "AlarmLampBlink": false,
              "Zoomable": true,
              "HasLamp": true,
              "BorderThickness": 3,
              "BorderRadius": 3.2,
              "BorderColor": [
                255,
                "#C9C9C9"
              ],
              "LinkedMapGuid": "",
              "BackGroundColor": [
                0,
                "#FFFFFF"
              ],
              "BackGroundImageUrl": "",
              "fontSize": "16px",
              "LinkUrl": "",
              "EnableLinkUrl": false,
              "LoadHtml": "",
              "EnableLoadHtml": false,
              "LoadAPI": "",
              "EnableLoadAPI": false,
              "LoadPopup": "",
              "EnableLoadPopup": false,
              "LoadPOI": "",
              "EnableLoadPOI": false,
              "meta": {
                "metric": {
                  "method": "GET",
                  "url": "",
                  "body": ""
                },
                "health": {
                  "method": "GET",
                  "url": "http://play.drilldown.info:1880/itrm_health2?proc=PROC_DEVICE_INFO&healthField=Status&compareValue=Running&device=PLC01&sort=naonDevice&title=AP9",
                  "body": ""
                },
                "position": {
                  "method": "GET",
                  "url": "",
                  "body": ""
                }
              },
              "hover": false
            }
          },
          {
            "X": 937,
            "Y": 474,
            "Z": 0,
            "W": 85,
            "H": 66,
            "D": 0,
            "UIElementTypeName": "Universal",
            "UIElementUniqueName": "b40b6fb8-55c6-45da-ba59-b9b38ef31e99",
            "UIElementDisplayName": "UniversalRect",
            "SplunkObjectID": 1,
            "ClassName": "Universal",
            "ShapeType": "Rectangle",
            "ObjectType": "Universal",
            "DataJSON": {
              "ID": "b40b6fb8-55c6-45da-ba59-b9b38ef31e99",
              "Name": "Universal_b40b6",
              "ZIndex": 82,
              "ShapeType": "Rectangle",
              "SplunkObjectID": "1",
              "ClassName": "Universal",
              "Position": [
                [
                  937,
                  474
                ],
                [
                  1022,
                  541
                ]
              ],
              "TitlePosition": [
                [
                  13,
                  33
                ],
                [
                  87,
                  67
                ]
              ],
              "TitleColor": [
                255,
                "#FFFFFF"
              ],
              "TitleCaption": "AP10",
              "TitleAlignment": "Center",
              "IconPosition": [
                [
                  0,
                  0
                ],
                [
                  0,
                  0
                ]
              ],
              "IconImageUrl": "",
              "ShowAlarmLamp": true,
              "AlarmLampPosition": [
                83,
                12
              ],
              "AlarmLampSize": 12,
              "AlarmLampColor": [
                255,
                "#00ff00"
              ],
              "AlarmLampBlink": false,
              "Zoomable": true,
              "HasLamp": true,
              "BorderThickness": 3,
              "BorderRadius": 3.2,
              "BorderColor": [
                255,
                "#C9C9C9"
              ],
              "LinkedMapGuid": "",
              "BackGroundColor": [
                0,
                "#FFFFFF"
              ],
              "BackGroundImageUrl": "",
              "fontSize": "16px",
              "LinkUrl": "",
              "EnableLinkUrl": false,
              "LoadHtml": "",
              "EnableLoadHtml": false,
              "LoadAPI": "",
              "EnableLoadAPI": false,
              "LoadPopup": "",
              "EnableLoadPopup": false,
              "LoadPOI": "",
              "EnableLoadPOI": false,
              "meta": {
                "metric": {
                  "method": "GET",
                  "url": "",
                  "body": ""
                },
                "health": {
                  "method": "GET",
                  "url": "http://play.drilldown.info:1880/itrm_health2?proc=PROC_DEVICE_INFO&healthField=Status&compareValue=Running&device=PLC01&sort=naonDevice&title=AP10",
                  "body": ""
                },
                "position": {
                  "method": "GET",
                  "url": "",
                  "body": ""
                }
              },
              "hover": false
            }
          },
          {
            "X": 1028,
            "Y": 474,
            "Z": 0,
            "W": 85,
            "H": 66,
            "D": 0,
            "UIElementTypeName": "Universal",
            "UIElementUniqueName": "1b0ff09d-7a09-4818-915c-43693be761e8",
            "UIElementDisplayName": "UniversalRect",
            "SplunkObjectID": 1,
            "ClassName": "Universal",
            "ShapeType": "Rectangle",
            "ObjectType": "Universal",
            "DataJSON": {
              "ID": "1b0ff09d-7a09-4818-915c-43693be761e8",
              "Name": "Universal_1b0ff",
              "ZIndex": 86,
              "ShapeType": "Rectangle",
              "SplunkObjectID": "1",
              "ClassName": "Universal",
              "Position": [
                [
                  1028,
                  474
                ],
                [
                  1113,
                  541
                ]
              ],
              "TitlePosition": [
                [
                  13,
                  33
                ],
                [
                  87,
                  67
                ]
              ],
              "TitleColor": [
                255,
                "#FFFFFF"
              ],
              "TitleCaption": "AP11",
              "TitleAlignment": "Center",
              "IconPosition": [
                [
                  0,
                  0
                ],
                [
                  0,
                  0
                ]
              ],
              "IconImageUrl": "",
              "ShowAlarmLamp": true,
              "AlarmLampPosition": [
                83,
                12
              ],
              "AlarmLampSize": 12,
              "AlarmLampColor": [
                255,
                "#00ff00"
              ],
              "AlarmLampBlink": false,
              "Zoomable": true,
              "HasLamp": true,
              "BorderThickness": 3,
              "BorderRadius": 3.2,
              "BorderColor": [
                255,
                "#C9C9C9"
              ],
              "LinkedMapGuid": "",
              "BackGroundColor": [
                0,
                "#FFFFFF"
              ],
              "BackGroundImageUrl": "",
              "fontSize": "16px",
              "LinkUrl": "",
              "EnableLinkUrl": false,
              "LoadHtml": "",
              "EnableLoadHtml": false,
              "LoadAPI": "",
              "EnableLoadAPI": false,
              "LoadPopup": "",
              "EnableLoadPopup": false,
              "LoadPOI": "",
              "EnableLoadPOI": false,
              "meta": {
                "metric": {
                  "method": "GET",
                  "url": "",
                  "body": ""
                },
                "health": {
                  "method": "GET",
                  "url": "http://play.drilldown.info:1880/itrm_health2?proc=PROC_DEVICE_INFO&healthField=Status&compareValue=Running&device=PLC01&sort=naonDevice&title=AP11",
                  "body": ""
                },
                "position": {
                  "method": "GET",
                  "url": "",
                  "body": ""
                }
              },
              "hover": false
            }
          },
          {
            "X": 1119,
            "Y": 474,
            "Z": 0,
            "W": 85,
            "H": 66,
            "D": 0,
            "UIElementTypeName": "Universal",
            "UIElementUniqueName": "57574d39-5f78-43a8-81ec-501977c85258",
            "UIElementDisplayName": "UniversalRect",
            "SplunkObjectID": 1,
            "ClassName": "Universal",
            "ShapeType": "Rectangle",
            "ObjectType": "Universal",
            "DataJSON": {
              "ID": "57574d39-5f78-43a8-81ec-501977c85258",
              "Name": "Universal_57574",
              "ZIndex": 90,
              "ShapeType": "Rectangle",
              "SplunkObjectID": "1",
              "ClassName": "Universal",
              "Position": [
                [
                  1119,
                  474
                ],
                [
                  1205,
                  541
                ]
              ],
              "TitlePosition": [
                [
                  13,
                  31
                ],
                [
                  87,
                  69
                ]
              ],
              "TitleColor": [
                255,
                "#FFFFFF"
              ],
              "TitleCaption": "AP12",
              "TitleAlignment": "Center",
              "IconPosition": [
                [
                  0,
                  0
                ],
                [
                  0,
                  0
                ]
              ],
              "IconImageUrl": "",
              "ShowAlarmLamp": true,
              "AlarmLampPosition": [
                83,
                12
              ],
              "AlarmLampSize": 12,
              "AlarmLampColor": [
                255,
                "#00ff00"
              ],
              "AlarmLampBlink": false,
              "Zoomable": true,
              "HasLamp": true,
              "BorderThickness": 3,
              "BorderRadius": 3.2,
              "BorderColor": [
                255,
                "#C9C9C9"
              ],
              "LinkedMapGuid": "",
              "BackGroundColor": [
                0,
                "#FFFFFF"
              ],
              "BackGroundImageUrl": "",
              "fontSize": "16px",
              "LinkUrl": "",
              "EnableLinkUrl": false,
              "LoadHtml": "",
              "EnableLoadHtml": false,
              "LoadAPI": "",
              "EnableLoadAPI": false,
              "LoadPopup": "",
              "EnableLoadPopup": false,
              "LoadPOI": "",
              "EnableLoadPOI": false,
              "meta": {
                "metric": {
                  "method": "GET",
                  "url": "",
                  "body": ""
                },
                "health": {
                  "method": "GET",
                  "url": "http://play.drilldown.info:1880/itrm_health2?proc=PROC_DEVICE_INFO&healthField=Status&compareValue=Running&device=PLC01&sort=naonDevice&title=AP12",
                  "body": ""
                },
                "position": {
                  "method": "GET",
                  "url": "",
                  "body": ""
                }
              },
              "hover": false
            }
          },
          {
            "X": 663,
            "Y": 550,
            "Z": 0,
            "W": 85,
            "H": 66,
            "D": 0,
            "UIElementTypeName": "Universal",
            "UIElementUniqueName": "651a2c01-13e1-45af-b33e-9621582ce4ad",
            "UIElementDisplayName": "UniversalRect",
            "SplunkObjectID": 1,
            "ClassName": "Universal",
            "ShapeType": "Rectangle",
            "ObjectType": "Universal",
            "DataJSON": {
              "ID": "651a2c01-13e1-45af-b33e-9621582ce4ad",
              "Name": "Universal_651a2",
              "ZIndex": 94,
              "ShapeType": "Rectangle",
              "SplunkObjectID": "1",
              "ClassName": "Universal",
              "Position": [
                [
                  663,
                  550
                ],
                [
                  749,
                  616
                ]
              ],
              "TitlePosition": [
                [
                  13,
                  33
                ],
                [
                  87,
                  67
                ]
              ],
              "TitleColor": [
                255,
                "#FFFFFF"
              ],
              "TitleCaption": "AP13",
              "TitleAlignment": "Center",
              "IconPosition": [
                [
                  0,
                  0
                ],
                [
                  0,
                  0
                ]
              ],
              "IconImageUrl": "",
              "ShowAlarmLamp": true,
              "AlarmLampPosition": [
                83,
                12
              ],
              "AlarmLampSize": 12,
              "AlarmLampColor": [
                255,
                "#00ff00"
              ],
              "AlarmLampBlink": false,
              "Zoomable": true,
              "HasLamp": true,
              "BorderThickness": 3,
              "BorderRadius": 3.2,
              "BorderColor": [
                255,
                "#C9C9C9"
              ],
              "LinkedMapGuid": "",
              "BackGroundColor": [
                0,
                "#FFFFFF"
              ],
              "BackGroundImageUrl": "",
              "fontSize": "16px",
              "LinkUrl": "",
              "EnableLinkUrl": false,
              "LoadHtml": "",
              "EnableLoadHtml": false,
              "LoadAPI": "",
              "EnableLoadAPI": false,
              "LoadPopup": "",
              "EnableLoadPopup": false,
              "LoadPOI": "",
              "EnableLoadPOI": false,
              "meta": {
                "metric": {
                  "method": "GET",
                  "url": "",
                  "body": ""
                },
                "health": {
                  "method": "GET",
                  "url": "http://play.drilldown.info:1880/itrm_health2?proc=PROC_DEVICE_INFO&healthField=Status&compareValue=Running&device=PLC01&sort=naonDevice&title=AP13",
                  "body": ""
                },
                "position": {
                  "method": "GET",
                  "url": "",
                  "body": ""
                }
              },
              "hover": false
            }
          },
          {
            "X": 755,
            "Y": 550,
            "Z": 0,
            "W": 85,
            "H": 66,
            "D": 0,
            "UIElementTypeName": "Universal",
            "UIElementUniqueName": "f541c1a3-832f-4e9b-9fc8-950c5335d2ac",
            "UIElementDisplayName": "UniversalRect",
            "SplunkObjectID": 1,
            "ClassName": "Universal",
            "ShapeType": "Rectangle",
            "ObjectType": "Universal",
            "DataJSON": {
              "ID": "f541c1a3-832f-4e9b-9fc8-950c5335d2ac",
              "Name": "Universal_f541c",
              "ZIndex": 98,
              "ShapeType": "Rectangle",
              "SplunkObjectID": "1",
              "ClassName": "Universal",
              "Position": [
                [
                  755,
                  550
                ],
                [
                  840,
                  616
                ]
              ],
              "TitlePosition": [
                [
                  13,
                  33
                ],
                [
                  87,
                  67
                ]
              ],
              "TitleColor": [
                255,
                "#FFFFFF"
              ],
              "TitleCaption": "AP14",
              "TitleAlignment": "Center",
              "IconPosition": [
                [
                  0,
                  0
                ],
                [
                  0,
                  0
                ]
              ],
              "IconImageUrl": "",
              "ShowAlarmLamp": true,
              "AlarmLampPosition": [
                83,
                12
              ],
              "AlarmLampSize": 12,
              "AlarmLampColor": [
                255,
                "#00ff00"
              ],
              "AlarmLampBlink": false,
              "Zoomable": true,
              "HasLamp": true,
              "BorderThickness": 3,
              "BorderRadius": 3.2,
              "BorderColor": [
                255,
                "#C9C9C9"
              ],
              "LinkedMapGuid": "",
              "BackGroundColor": [
                0,
                "#FFFFFF"
              ],
              "BackGroundImageUrl": "",
              "fontSize": "16px",
              "LinkUrl": "",
              "EnableLinkUrl": false,
              "LoadHtml": "",
              "EnableLoadHtml": false,
              "LoadAPI": "",
              "EnableLoadAPI": false,
              "LoadPopup": "",
              "EnableLoadPopup": false,
              "LoadPOI": "",
              "EnableLoadPOI": false,
              "meta": {
                "metric": {
                  "method": "GET",
                  "url": "",
                  "body": ""
                },
                "health": {
                  "method": "GET",
                  "url": "http://play.drilldown.info:1880/itrm_health2?proc=PROC_DEVICE_INFO&healthField=Status&compareValue=Running&device=PLC01&sort=naonDevice&title=AP14",
                  "body": ""
                },
                "position": {
                  "method": "GET",
                  "url": "",
                  "body": ""
                }
              },
              "hover": false
            }
          },
          {
            "X": 846,
            "Y": 550,
            "Z": 0,
            "W": 85,
            "H": 66,
            "D": 0,
            "UIElementTypeName": "Universal",
            "UIElementUniqueName": "cb79c69b-e08e-49d0-a02c-e3fa82800c2d",
            "UIElementDisplayName": "UniversalRect",
            "SplunkObjectID": 1,
            "ClassName": "Universal",
            "ShapeType": "Rectangle",
            "ObjectType": "Universal",
            "DataJSON": {
              "ID": "cb79c69b-e08e-49d0-a02c-e3fa82800c2d",
              "Name": "Universal_cb79c",
              "ZIndex": 102,
              "ShapeType": "Rectangle",
              "SplunkObjectID": "1",
              "ClassName": "Universal",
              "Position": [
                [
                  846,
                  550
                ],
                [
                  931,
                  616
                ]
              ],
              "TitlePosition": [
                [
                  13,
                  31
                ],
                [
                  87,
                  69
                ]
              ],
              "TitleColor": [
                255,
                "#FFFFFF"
              ],
              "TitleCaption": "AP15",
              "TitleAlignment": "Center",
              "IconPosition": [
                [
                  0,
                  0
                ],
                [
                  0,
                  0
                ]
              ],
              "IconImageUrl": "",
              "ShowAlarmLamp": true,
              "AlarmLampPosition": [
                83,
                12
              ],
              "AlarmLampSize": 12,
              "AlarmLampColor": [
                255,
                "#00ff00"
              ],
              "AlarmLampBlink": false,
              "Zoomable": true,
              "HasLamp": true,
              "BorderThickness": 3,
              "BorderRadius": 3.2,
              "BorderColor": [
                255,
                "#C9C9C9"
              ],
              "LinkedMapGuid": "",
              "BackGroundColor": [
                0,
                "#FFFFFF"
              ],
              "BackGroundImageUrl": "",
              "fontSize": "16px",
              "LinkUrl": "",
              "EnableLinkUrl": false,
              "LoadHtml": "",
              "EnableLoadHtml": false,
              "LoadAPI": "",
              "EnableLoadAPI": false,
              "LoadPopup": "",
              "EnableLoadPopup": false,
              "LoadPOI": "",
              "EnableLoadPOI": false,
              "meta": {
                "metric": {
                  "method": "GET",
                  "url": "",
                  "body": ""
                },
                "health": {
                  "method": "GET",
                  "url": "http://play.drilldown.info:1880/itrm_health2?proc=PROC_DEVICE_INFO&healthField=Status&compareValue=Running&device=PLC01&sort=naonDevice&title=AP15",
                  "body": ""
                },
                "position": {
                  "method": "GET",
                  "url": "",
                  "body": ""
                }
              },
              "hover": false
            }
          },
          {
            "X": 937,
            "Y": 550,
            "Z": 0,
            "W": 85,
            "H": 66,
            "D": 0,
            "UIElementTypeName": "Universal",
            "UIElementUniqueName": "b40a15c5-2d28-4a03-8c46-1a220d098ce9",
            "UIElementDisplayName": "UniversalRect",
            "SplunkObjectID": 1,
            "ClassName": "Universal",
            "ShapeType": "Rectangle",
            "ObjectType": "Universal",
            "DataJSON": {
              "ID": "b40a15c5-2d28-4a03-8c46-1a220d098ce9",
              "Name": "Universal_b40a1",
              "ZIndex": 106,
              "ShapeType": "Rectangle",
              "SplunkObjectID": "1",
              "ClassName": "Universal",
              "Position": [
                [
                  937,
                  550
                ],
                [
                  1022,
                  616
                ]
              ],
              "TitlePosition": [
                [
                  13,
                  31
                ],
                [
                  87,
                  69
                ]
              ],
              "TitleColor": [
                255,
                "#FFFFFF"
              ],
              "TitleCaption": "AP16",
              "TitleAlignment": "Center",
              "IconPosition": [
                [
                  0,
                  0
                ],
                [
                  0,
                  0
                ]
              ],
              "IconImageUrl": "",
              "ShowAlarmLamp": true,
              "AlarmLampPosition": [
                83,
                12
              ],
              "AlarmLampSize": 12,
              "AlarmLampColor": [
                255,
                "#00ff00"
              ],
              "AlarmLampBlink": false,
              "Zoomable": true,
              "HasLamp": true,
              "BorderThickness": 3,
              "BorderRadius": 3.2,
              "BorderColor": [
                255,
                "#C9C9C9"
              ],
              "LinkedMapGuid": "",
              "BackGroundColor": [
                0,
                "#FFFFFF"
              ],
              "BackGroundImageUrl": "",
              "fontSize": "16px",
              "LinkUrl": "",
              "EnableLinkUrl": false,
              "LoadHtml": "",
              "EnableLoadHtml": false,
              "LoadAPI": "",
              "EnableLoadAPI": false,
              "LoadPopup": "",
              "EnableLoadPopup": false,
              "LoadPOI": "",
              "EnableLoadPOI": false,
              "meta": {
                "metric": {
                  "method": "GET",
                  "url": "",
                  "body": ""
                },
                "health": {
                  "method": "GET",
                  "url": "http://play.drilldown.info:1880/itrm_health2?proc=PROC_DEVICE_INFO&healthField=Status&compareValue=Running&device=PLC01&sort=naonDevice&title=AP16",
                  "body": ""
                },
                "position": {
                  "method": "GET",
                  "url": "",
                  "body": ""
                }
              },
              "hover": false
            }
          },
          {
            "X": 1028,
            "Y": 550,
            "Z": 0,
            "W": 85,
            "H": 66,
            "D": 0,
            "UIElementTypeName": "Universal",
            "UIElementUniqueName": "f6ca7c5f-718d-4b97-9248-3a5ee7e2ce4f",
            "UIElementDisplayName": "UniversalRect",
            "SplunkObjectID": 1,
            "ClassName": "Universal",
            "ShapeType": "Rectangle",
            "ObjectType": "Universal",
            "DataJSON": {
              "ID": "f6ca7c5f-718d-4b97-9248-3a5ee7e2ce4f",
              "Name": "Universal_f6ca7",
              "ZIndex": 110,
              "ShapeType": "Rectangle",
              "SplunkObjectID": "1",
              "ClassName": "Universal",
              "Position": [
                [
                  1028,
                  550
                ],
                [
                  1113,
                  616
                ]
              ],
              "TitlePosition": [
                [
                  13,
                  33
                ],
                [
                  87,
                  67
                ]
              ],
              "TitleColor": [
                255,
                "#FFFFFF"
              ],
              "TitleCaption": "AP17",
              "TitleAlignment": "Center",
              "IconPosition": [
                [
                  0,
                  0
                ],
                [
                  0,
                  0
                ]
              ],
              "IconImageUrl": "",
              "ShowAlarmLamp": true,
              "AlarmLampPosition": [
                83,
                12
              ],
              "AlarmLampSize": 12,
              "AlarmLampColor": [
                255,
                "#00ff00"
              ],
              "AlarmLampBlink": false,
              "Zoomable": true,
              "HasLamp": true,
              "BorderThickness": 3,
              "BorderRadius": 3.2,
              "BorderColor": [
                255,
                "#C9C9C9"
              ],
              "LinkedMapGuid": "",
              "BackGroundColor": [
                0,
                "#FFFFFF"
              ],
              "BackGroundImageUrl": "",
              "fontSize": "16px",
              "LinkUrl": "",
              "EnableLinkUrl": false,
              "LoadHtml": "",
              "EnableLoadHtml": false,
              "LoadAPI": "",
              "EnableLoadAPI": false,
              "LoadPopup": "",
              "EnableLoadPopup": false,
              "LoadPOI": "",
              "EnableLoadPOI": false,
              "meta": {
                "metric": {
                  "method": "GET",
                  "url": "",
                  "body": ""
                },
                "health": {
                  "method": "GET",
                  "url": "http://play.drilldown.info:1880/itrm_health2?proc=PROC_DEVICE_INFO&healthField=Status&compareValue=Running&device=PLC01&sort=naonDevice&title=AP17",
                  "body": ""
                },
                "position": {
                  "method": "GET",
                  "url": "",
                  "body": ""
                }
              },
              "hover": false
            }
          },
          {
            "X": 1119,
            "Y": 550,
            "Z": 0,
            "W": 85,
            "H": 66,
            "D": 0,
            "UIElementTypeName": "Universal",
            "UIElementUniqueName": "da9a9621-7836-430f-81a0-8d8f234e0302",
            "UIElementDisplayName": "UniversalRect",
            "SplunkObjectID": 1,
            "ClassName": "Universal",
            "ShapeType": "Rectangle",
            "ObjectType": "Universal",
            "DataJSON": {
              "ID": "da9a9621-7836-430f-81a0-8d8f234e0302",
              "Name": "Universal_da9a9",
              "ZIndex": 114,
              "ShapeType": "Rectangle",
              "SplunkObjectID": "1",
              "ClassName": "Universal",
              "Position": [
                [
                  1119,
                  550
                ],
                [
                  1205,
                  616
                ]
              ],
              "TitlePosition": [
                [
                  13,
                  33
                ],
                [
                  87,
                  67
                ]
              ],
              "TitleColor": [
                255,
                "#FFFFFF"
              ],
              "TitleCaption": "AP18",
              "TitleAlignment": "Center",
              "IconPosition": [
                [
                  0,
                  0
                ],
                [
                  0,
                  0
                ]
              ],
              "IconImageUrl": "",
              "ShowAlarmLamp": true,
              "AlarmLampPosition": [
                83,
                12
              ],
              "AlarmLampSize": 12,
              "AlarmLampColor": [
                255,
                "#00ff00"
              ],
              "AlarmLampBlink": false,
              "Zoomable": true,
              "HasLamp": true,
              "BorderThickness": 3,
              "BorderRadius": 3.2,
              "BorderColor": [
                255,
                "#C9C9C9"
              ],
              "LinkedMapGuid": "",
              "BackGroundColor": [
                0,
                "#FFFFFF"
              ],
              "BackGroundImageUrl": "",
              "fontSize": "16px",
              "LinkUrl": "",
              "EnableLinkUrl": false,
              "LoadHtml": "",
              "EnableLoadHtml": false,
              "LoadAPI": "",
              "EnableLoadAPI": false,
              "LoadPopup": "",
              "EnableLoadPopup": false,
              "LoadPOI": "",
              "EnableLoadPOI": false,
              "meta": {
                "metric": {
                  "method": "GET",
                  "url": "",
                  "body": ""
                },
                "health": {
                  "method": "GET",
                  "url": "http://play.drilldown.info:1880/itrm_health2?proc=PROC_DEVICE_INFO&healthField=Status&compareValue=Running&device=PLC01&sort=naonDevice&title=AP18",
                  "body": ""
                },
                "position": {
                  "method": "GET",
                  "url": "",
                  "body": ""
                }
              },
              "hover": false
            }
          }
        ]
      }
    ]
  }
}