{
  "filename": "22b0da4d-4fdf-4746-ae0b-c89b70e6af16.zip",
  "meta": "{\"data\":{\"url\":\"/DrilldownPlay/contents/Dashboard/22b0da4d-4fdf-4746-ae0b-c89b70e6af16/22b0da4d-4fdf-4746-ae0b-c89b70e6af16.zip\",\"body\":\"\",\"url_list\":[],\"url_options\":[],\"method\":\"GET\"},\"ptGuid\":\"22b0da4d-4fdf-4746-ae0b-c89b70e6af16\",\"ptName\":\"ITRM_DEMO_2022.pptx\",\"ptHomeSlide\":\"a783c78f-71bd-495c-9702-1495f8079d89\",\"ptMainSlideCount\":1,\"ptAllSlideCount\":8}",
  "name": "ITRM Demo",
  "guid": "22b0da4d-4fdf-4746-ae0b-c89b70e6af16",
  "type": "dashboard",
  "username": "soxadmin"
}